{
  "best_model": "hgb",
  "feature_importance_paths": {
    "hgb": "/Users/yash/Desktop/catanthropic/ai/selfplay/models/win_model_v1_stageaware/feature_importance_hgb.json",
    "logreg": "/Users/yash/Desktop/catanthropic/ai/selfplay/models/win_model_v1_stageaware/feature_importance_logreg.json"
  },
  "metrics": {
    "baseline_prior": {
      "test": {
        "accuracy": 0.7515822784810127,
        "brier": 0.1867089477966262,
        "f1": 0.0,
        "log_loss": 0.5605970661260307,
        "n": 5056,
        "positive_rate": 0.24841772151898733,
        "pr_auc": 0.24841772151898733,
        "precision": 0.0,
        "pred_positive_rate": 0.0,
        "recall": 0.0,
        "roc_auc": 0.5,
        "stage_balanced_log_loss": 0.5574416073345957,
        "stage_metrics": {
          "early": {
            "accuracy": 0.7626412849494348,
            "brier": 0.18118004769322163,
            "f1": 0.0,
            "log_loss": 0.5484491140097074,
            "n": 1681,
            "positive_rate": 0.23735871505056513,
            "pr_auc": 0.23735871505056513,
            "precision": 0.0,
            "pred_positive_rate": 0.0,
            "recall": 0.0,
            "roc_auc": 0.5
          },
          "late": {
            "accuracy": 0.7452667814113597,
            "brier": 0.18986635189989343,
            "f1": 0.0,
            "log_loss": 0.5675344303650327,
            "n": 1743,
            "positive_rate": 0.2547332185886403,
            "pr_auc": 0.2547332185886403,
            "precision": 0.0,
            "pred_positive_rate": 0.0,
            "recall": 0.0,
            "roc_auc": 0.5
          },
          "mid": {
            "accuracy": 0.7469362745098039,
            "brier": 0.18903169640068765,
            "f1": 0.0,
            "log_loss": 0.5657005475224517,
            "n": 1632,
            "positive_rate": 0.25306372549019607,
            "pr_auc": 0.25306372549019607,
            "precision": 0.0,
            "pred_positive_rate": 0.0,
            "recall": 0.0,
            "roc_auc": 0.5
          }
        },
        "stage_weights": {
          "early": 0.5,
          "late": 0.2,
          "mid": 0.3
        }
      },
      "train": {
        "accuracy": 0.7499727312390925,
        "brier": 0.18751363363686846,
        "f1": 0.0,
        "log_loss": 0.5623651004317921,
        "n": 36672,
        "positive_rate": 0.25002726876090753,
        "pr_auc": 0.25002726876090753,
        "precision": 0.0,
        "pred_positive_rate": 0.0,
        "recall": 0.0,
        "roc_auc": 0.5,
        "stage_balanced_log_loss": 0.5606097660759235,
        "stage_metrics": {
          "early": {
            "accuracy": 0.7548408543172941,
            "brier": 0.18507983759313626,
            "f1": 0.0,
            "log_loss": 0.5570176285572414,
            "n": 12033,
            "positive_rate": 0.2451591456827059,
            "pr_auc": 0.2451591456827059,
            "precision": 0.0,
            "pred_positive_rate": 0.0,
            "recall": 0.0,
            "roc_auc": 0.5
          },
          "late": {
            "accuracy": 0.7445342205323194,
            "brier": 0.19023259238735873,
            "f1": 0.0,
            "log_loss": 0.568339124214004,
            "n": 12624,
            "positive_rate": 0.2554657794676806,
            "pr_auc": 0.2554657794676806,
            "precision": 0.0,
            "pred_positive_rate": 0.0,
            "recall": 0.0,
            "roc_auc": 0.5
          },
          "mid": {
            "accuracy": 0.7508114856429463,
            "brier": 0.18709430217852813,
            "f1": 0.0,
            "log_loss": 0.5614437565150066,
            "n": 12015,
            "positive_rate": 0.2491885143570537,
            "pr_auc": 0.2491885143570537,
            "precision": 0.0,
            "pred_positive_rate": 0.0,
            "recall": 0.0,
            "roc_auc": 0.5
          }
        },
        "stage_weights": {
          "early": 0.5,
          "late": 0.2,
          "mid": 0.3
        }
      },
      "val": {
        "accuracy": 0.7477022058823529,
        "brier": 0.18864877248641207,
        "f1": 0.0,
        "log_loss": 0.5648591972922403,
        "n": 4352,
        "positive_rate": 0.2522977941176471,
        "pr_auc": 0.2522977941176471,
        "precision": 0.0,
        "pred_positive_rate": 0.0,
        "recall": 0.0,
        "roc_auc": 0.5,
        "stage_balanced_log_loss": 0.5633588919860494,
        "stage_metrics": {
          "early": {
            "accuracy": 0.7501706484641638,
            "brier": 0.18741468581824777,
            "f1": 0.0,
            "log_loss": 0.5621476949189164,
            "n": 1465,
            "positive_rate": 0.24982935153583619,
            "pr_auc": 0.24982935153583619,
            "precision": 0.0,
            "pred_positive_rate": 0.0,
            "recall": 0.0,
            "roc_auc": 0.5
          },
          "late": {
            "accuracy": 0.7391603578802478,
            "brier": 0.1929192306362429,
            "f1": 0.0,
            "log_loss": 0.5742421342505266,
            "n": 1453,
            "positive_rate": 0.26083964211975225,
            "pr_auc": 0.26083964211975225,
            "precision": 0.0,
            "pred_positive_rate": 0.0,
            "recall": 0.0,
            "roc_auc": 0.5
          },
          "mid": {
            "accuracy": 0.7538354253835425,
            "brier": 0.1855824972264096,
            "f1": 0.0,
            "log_loss": 0.5581220589216196,
            "n": 1434,
            "positive_rate": 0.24616457461645747,
            "pr_auc": 0.24616457461645747,
            "precision": 0.0,
            "pred_positive_rate": 0.0,
            "recall": 0.0,
            "roc_auc": 0.5
          }
        },
        "stage_weights": {
          "early": 0.5,
          "late": 0.2,
          "mid": 0.3
        }
      }
    },
    "hgb": {
      "test": {
        "accuracy": 0.7941060126582279,
        "brier": 0.1407003129948454,
        "f1": 0.6592471358428805,
        "log_loss": 0.4330230891822426,
        "n": 5056,
        "positive_rate": 0.24841772151898733,
        "pr_auc": 0.7189793519631611,
        "precision": 0.5597554196775987,
        "pred_positive_rate": 0.3558148734177215,
        "recall": 0.8017515923566879,
        "roc_auc": 0.8749641719745223,
        "stage_balanced_log_loss": 0.47349376454521575,
        "stage_metrics": {
          "early": {
            "accuracy": 0.6948245092207019,
            "brier": 0.19222061720865505,
            "f1": 0.5118934348239772,
            "log_loss": 0.5621644484005267,
            "n": 1681,
            "positive_rate": 0.23735871505056513,
            "pr_auc": 0.4962523439054452,
            "precision": 0.4125766871165644,
            "pred_positive_rate": 0.38786436644854255,
            "recall": 0.6741854636591479,
            "roc_auc": 0.7593672167939349
          },
          "late": {
            "accuracy": 0.8726333907056799,
            "brier": 0.09131260391815858,
            "f1": 0.781496062992126,
            "log_loss": 0.30175194147723916,
            "n": 1743,
            "positive_rate": 0.2547332185886403,
            "pr_auc": 0.8775729430450806,
            "precision": 0.6940559440559441,
            "pred_positive_rate": 0.32816982214572576,
            "recall": 0.8941441441441441,
            "roc_auc": 0.944843226598423
          },
          "mid": {
            "accuracy": 0.8125,
            "brier": 0.14037993648580807,
            "f1": 0.6902834008097166,
            "log_loss": 0.4402038401650153,
            "n": 1632,
            "positive_rate": 0.25306372549019607,
            "pr_auc": 0.6700238916862961,
            "precision": 0.5930434782608696,
            "pred_positive_rate": 0.35232843137254904,
            "recall": 0.8256658595641646,
            "roc_auc": 0.8729339930519002
          }
        },
        "stage_weights": {
          "early": 0.5,
          "late": 0.2,