{
  "selected_model": "hgb",
  "validation_results": {
    "majority": {
      "val": {
        "log_loss": 9.010913347279287,
        "accuracy": 0.75,
        "f1": 0.0,
        "roc_auc": 0.5,
        "pr_auc": 0.25
      },
      "val_stage_metrics": {
        "early": {
          "log_loss": 9.010913347279285,
          "accuracy": 0.75,
          "f1": 0.0,
          "roc_auc": 0.5,
          "pr_auc": 0.25,
          "rows": 4000
        },
        "mid": {
          "log_loss": 9.010913347279287,
          "accuracy": 0.75,
          "f1": 0.0,
          "roc_auc": 0.5,
          "pr_auc": 0.25,
          "rows": 2400
        },
        "stage_balanced_log_loss": 9.010913347279285
      }
    },
    "logreg": {
      "val": {
        "log_loss": 0.471892996518647,
        "accuracy": 0.744375,
        "f1": 0.6172204024333178,
        "roc_auc": 0.8579217447916666,
        "pr_auc": 0.6483833255474287
      },
      "val_stage_metrics": {
        "early": {
          "log_loss": 0.4976298065143797,
          "accuracy": 0.70325,
          "f1": 0.5836548579445808,
          "roc_auc": 0.83345,
          "pr_auc": 0.5997072031530406,
          "rows": 4000
        },
        "mid": {
          "log_loss": 0.42899831319242576,
          "accuracy": 0.8129166666666666,
          "f1": 0.6844694307800422,
          "roc_auc": 0.8905453703703703,
          "pr_auc": 0.7174563570333338,
          "rows": 2400
        },
        "stage_balanced_log_loss": 0.47189299651864697
      }
    },
    "hgb": {
      "val": {
        "log_loss": 0.337521724515771,
        "accuracy": 0.8290625,
        "f1": 0.6248285322359396,
        "roc_auc": 0.8957697916666668,
        "pr_auc": 0.7248389260294767
      },
      "val_stage_metrics": {
        "early": {
          "log_loss": 0.3513002566120452,
          "accuracy": 0.81875,
          "f1": 0.590626764539808,
          "roc_auc": 0.8844793333333333,
          "pr_auc": 0.7000244609899291,
          "rows": 4000
        },
        "mid": {
          "log_loss": 0.3145575043553139,
          "accuracy": 0.84625,
          "f1": 0.6777292576419214,
          "roc_auc": 0.9139898148148148,
          "pr_auc": 0.7672122152331055,
          "rows": 2400
        },
        "stage_balanced_log_loss": 0.33752172451577095
      }
    }
  },
  "test": {
    "majority": {
      "overall": {
        "log_loss": 9.010913347279287,
        "accuracy": 0.75,
        "f1": 0.0,
        "roc_auc": 0.5,
        "pr_auc": 0.25
      },
      "stage_metrics": {
        "early": {
          "log_loss": 9.010913347279287,
          "accuracy": 0.75,
          "f1": 0.0,
          "roc_auc": 0.5,
          "pr_auc": 0.25,
          "rows": 4320
        },
        "mid": {
          "log_loss": 9.010913347279287,
          "accuracy": 0.75,
          "f1": 0.0,
          "roc_auc": 0.5,
          "pr_auc": 0.25,
          "rows": 2592
        },
        "stage_balanced_log_loss": 9.010913347279285
      }
    },
    "logreg": {
      "overall": {
        "log_loss": 0.4554246547821929,
        "accuracy": 0.7420428240740741,
        "f1": 0.6194236926360726,
        "roc_auc": 0.8645363359839392,
        "pr_auc": 0.676099674455384
      },
      "stage_metrics": {
        "early": {
          "log_loss": 0.49137056586599365,
          "accuracy": 0.7083333333333334,
          "f1": 0.5893089960886571,
          "roc_auc": 0.8361316872427984,
          "pr_auc": 0.6102087532964747,
          "rows": 4320
        },
        "mid": {
          "log_loss": 0.3955148029758583,
          "accuracy": 0.7982253086419753,
          "f1": 0.6765615337043909,
          "roc_auc": 0.9040248882284204,
          "pr_auc": 0.7630937126562622,
          "rows": 2592
        },
        "stage_balanced_log_loss": 0.45542465478219285
      }
    },
    "hgb": {
      "overall": {
        "log_loss": 0.36666099476170516,
        "accuracy": 0.8148148148148148,
        "f1": 0.5841455490578298,
        "roc_auc": 0.8750610630644148,
        "pr_auc": 0.6757542544364693
      },
      "stage_metrics": {
        "early": {
          "log_loss": 0.38486493827770324,
          "accuracy": 0.8,
          "f1": 0.5344827586206896,
          "roc_auc": 0.8558018975765889,
          "pr_auc": 0.6285944607346212,
          "rows": 4320
        },
        "mid": {
          "log_loss": 0.3363210889017084,
          "accuracy": 0.8395061728395061,
          "f1": 0.6595744680851063,
          "roc_auc": 0.903888349082965,
          "pr_auc": 0.7423538523685473,
          "rows": 2592
        },
        "stage_balanced_log_loss": 0.36666099476170516
      }
    }
  }
}