{
  "game_split_leakage_count": 0,
  "games": {
    "test": 79,
    "train": 573,
    "val": 68
  },
  "num_records": 91645,
  "positive_rate": {
    "test": 0.24972726371119705,
    "train": 0.2517896815601086,
    "val": 0.25335492827394723
  },
  "rows": {
    "test": 10083,
    "train": 72918,
    "val": 8644
  },
  "vector_length": 24
}